,coef,names
0,1.1054102462237974,constant
1,-7.584560590216067e-05,h_t
2,0.25105355755913233,d_t
3,5.3525131097501304e-05,hd
4,0.83362454118677,gamm1
5,-1.7289400662998693e-05,gamm2
