,coef,names
0,8934.174231266948,c1
1,1.9208624461045885e-05,c2
2,0.26840226033712544,c3
3,0.5501551161502674,c4
