,coef,names
0,12837.280376645103,c1
1,1.9671796318537625e-06,c2
2,0.029324969320909555,c3
3,3.6278165438433057,c4
