,llf,df_modelwc,aic,bic,bse,tvalues,pvalues,coef
0,-1689635.7320397678,4.0,3379279.4640795356,3379328.510555874,0.0025833425574872783,495.75168954312574,0.0,1.2806964375429777
1,-1689635.7320397678,4.0,3379279.4640795356,3379328.510555874,2.301002837281195e-07,-391.11205509888964,0.0,-8.999499484774241e-05
2,-1689635.7320397678,4.0,3379279.4640795356,3379328.510555874,0.0015450960631778249,116.01445064686469,0.0,0.1792534709662087
3,-1689635.7320397678,4.0,3379279.4640795356,3379328.510555874,1.3660495802553858e-07,432.71808788811165,0.0,5.9111436232846806e-05
4,-1689635.7320397678,4.0,3379279.4640795356,3379328.510555874,0.0010419985555008885,909.5485616327396,0.0,0.9477482873792256
5,-1689635.7320397678,4.0,3379279.4640795356,3379328.510555874,6.964307283620953e-08,-392.6492007442655,0.0,-2.734529688651234e-05
