,coef,names
0,4.933931354637053,gamma10
1,0.0004603080539660679,gamma11
2,2.8537755411844845,gamma12
3,0.3704101139854068,gamma13
4,0.8180182014901893,pa0
5,0.026344223603344125,pa1
6,0.00011170590259656273,a0
7,0.20163824378252426,a1
8,0.11242108427314862,a2
9,-0.886504972760179,a3
10,-0.05274077244896447,a4
11,0.31033212126785403,b0
12,6310.155699908748,b1
13,-3.537912601396942e-08,gamma20
14,2.022260974541255,gamma21
