,coef,names
0,8934.164925895704,c1
1,1.920871819471712e-05,c2
2,0.26840344057947707,c3
3,0.5501530730696633,c4
